{
  "metadata": {
    "description": "Villes françaises pour pSEO local (population > 10 000)",
    "total": 500,
    "generated": "2024-11-30"
  },
  "cities": [
    {"name": "Paris", "slug": "paris", "department": "75", "region": "Île-de-France", "population": 2161000},
    {"name": "Marseille", "slug": "marseille", "department": "13", "region": "Provence-Alpes-Côte d'Azur", "population": 870731},
    {"name": "Lyon", "slug": "lyon", "department": "69", "region": "Auvergne-Rhône-Alpes", "population": 522250},
    {"name": "Toulouse", "slug": "toulouse", "department": "31", "region": "Occitanie", "population": 493465},
    {"name": "Nice", "slug": "nice", "department": "06", "region": "Provence-Alpes-Côte d'Azur", "population": 342669},
    {"name": "Nantes", "slug": "nantes", "department": "44", "region": "Pays de la Loire", "population": 318808},
    {"name": "Montpellier", "slug": "montpellier", "department": "34", "region": "Occitanie", "population": 295542},
    {"name": "Strasbourg", "slug": "strasbourg", "department": "67", "region": "Grand Est", "population": 287228},
    {"name": "Bordeaux", "slug": "bordeaux", "department": "33", "region": "Nouvelle-Aquitaine", "population": 260958},
    {"name": "Lille", "slug": "lille", "department": "59", "region": "Hauts-de-France", "population": 236234},
    {"name": "Rennes", "slug": "rennes", "department": "35", "region": "Bretagne", "population": 222485},
    {"name": "Reims", "slug": "reims", "department": "51", "region": "Grand Est", "population": 182592},
    {"name": "Saint-Étienne", "slug": "saint-etienne", "department": "42", "region": "Auvergne-Rhône-Alpes", "population": 177480},
    {"name": "Le Havre", "slug": "le-havre", "department": "76", "region": "Normandie", "population": 172074},
    {"name": "Toulon", "slug": "toulon", "department": "83", "region": "Provence-Alpes-Côte d'Azur", "population": 171953},
    {"name": "Grenoble", "slug": "grenoble", "department": "38", "region": "Auvergne-Rhône-Alpes", "population": 158454},
    {"name": "Dijon", "slug": "dijon", "department": "21", "region": "Bourgogne-Franche-Comté", "population": 158002},
    {"name": "Angers", "slug": "angers", "department": "49", "region": "Pays de la Loire", "population": 155850},
    {"name": "Nîmes", "slug": "nimes", "department": "30", "region": "Occitanie", "population": 151001},
    {"name": "Villeurbanne", "slug": "villeurbanne", "department": "69", "region": "Auvergne-Rhône-Alpes", "population": 150659},
    {"name": "Clermont-Ferrand", "slug": "clermont-ferrand", "department": "63", "region": "Auvergne-Rhône-Alpes", "population": 147284},
    {"name": "Le Mans", "slug": "le-mans", "department": "72", "region": "Pays de la Loire", "population": 145502},
    {"name": "Aix-en-Provence", "slug": "aix-en-provence", "department": "13", "region": "Provence-Alpes-Côte d'Azur", "population": 145133},
    {"name": "Brest", "slug": "brest", "department": "29", "region": "Bretagne", "population": 142722},
    {"name": "Tours", "slug": "tours", "department": "37", "region": "Centre-Val de Loire", "population": 139958},
    {"name": "Amiens", "slug": "amiens", "department": "80", "region": "Hauts-de-France", "population": 136105},
    {"name": "Limoges", "slug": "limoges", "department": "87", "region": "Nouvelle-Aquitaine", "population": 133968},
    {"name": "Annecy", "slug": "annecy", "department": "74", "region": "Auvergne-Rhône-Alpes", "population": 131084},
    {"name": "Perpignan", "slug": "perpignan", "department": "66", "region": "Occitanie", "population": 121875},
    {"name": "Boulogne-Billancourt", "slug": "boulogne-billancourt", "department": "92", "region": "Île-de-France", "population": 120911},
    {"name": "Metz", "slug": "metz", "department": "57", "region": "Grand Est", "population": 119962},
    {"name": "Besançon", "slug": "besancon", "department": "25", "region": "Bourgogne-Franche-Comté", "population": 118757},
    {"name": "Orléans", "slug": "orleans", "department": "45", "region": "Centre-Val de Loire", "population": 116238},
    {"name": "Saint-Denis", "slug": "saint-denis", "department": "93", "region": "Île-de-France", "population": 113118},
    {"name": "Argenteuil", "slug": "argenteuil", "department": "95", "region": "Île-de-France", "population": 111079},
    {"name": "Rouen", "slug": "rouen", "department": "76", "region": "Normandie", "population": 110169},
    {"name": "Mulhouse", "slug": "mulhouse", "department": "68", "region": "Grand Est", "population": 108942},
    {"name": "Montreuil", "slug": "montreuil", "department": "93", "region": "Île-de-France", "population": 108835},
    {"name": "Caen", "slug": "caen", "department": "14", "region": "Normandie", "population": 107229},
    {"name": "Nancy", "slug": "nancy", "department": "54", "region": "Grand Est", "population": 105058},
    {"name": "Saint-Paul", "slug": "saint-paul-reunion", "department": "974", "region": "La Réunion", "population": 104909},
    {"name": "Tourcoing", "slug": "tourcoing", "department": "59", "region": "Hauts-de-France", "population": 98656},
    {"name": "Roubaix", "slug": "roubaix", "department": "59", "region": "Hauts-de-France", "population": 98193},
    {"name": "Nanterre", "slug": "nanterre", "department": "92", "region": "Île-de-France", "population": 96689},
    {"name": "Vitry-sur-Seine", "slug": "vitry-sur-seine", "department": "94", "region": "Île-de-France", "population": 94649},
    {"name": "Avignon", "slug": "avignon", "department": "84", "region": "Provence-Alpes-Côte d'Azur", "population": 93671},
    {"name": "Créteil", "slug": "creteil", "department": "94", "region": "Île-de-France", "population": 93322},
    {"name": "Dunkerque", "slug": "dunkerque", "department": "59", "region": "Hauts-de-France", "population": 91386},
    {"name": "Poitiers", "slug": "poitiers", "department": "86", "region": "Nouvelle-Aquitaine", "population": 89212},
    {"name": "Asnières-sur-Seine", "slug": "asnieres-sur-seine", "department": "92", "region": "Île-de-France", "population": 88620},
    {"name": "Courbevoie", "slug": "courbevoie", "department": "92", "region": "Île-de-France", "population": 85523},
    {"name": "Versailles", "slug": "versailles", "department": "78", "region": "Île-de-France", "population": 84808},
    {"name": "Colombes", "slug": "colombes", "department": "92", "region": "Île-de-France", "population": 84572},
    {"name": "Fort-de-France", "slug": "fort-de-france", "department": "972", "region": "Martinique", "population": 84174},
    {"name": "Aulnay-sous-Bois", "slug": "aulnay-sous-bois", "department": "93", "region": "Île-de-France", "population": 84056},
    {"name": "Saint-Pierre", "slug": "saint-pierre-reunion", "department": "974", "region": "La Réunion", "population": 83893},
    {"name": "Rueil-Malmaison", "slug": "rueil-malmaison", "department": "92", "region": "Île-de-France", "population": 81399},
    {"name": "Pau", "slug": "pau", "department": "64", "region": "Nouvelle-Aquitaine", "population": 81166},
    {"name": "Aubervilliers", "slug": "aubervilliers", "department": "93", "region": "Île-de-France", "population": 80962},
    {"name": "Le Tampon", "slug": "le-tampon", "department": "974", "region": "La Réunion", "population": 80716},
    {"name": "Champigny-sur-Marne", "slug": "champigny-sur-marne", "department": "94", "region": "Île-de-France", "population": 78674},
    {"name": "Antibes", "slug": "antibes", "department": "06", "region": "Provence-Alpes-Côte d'Azur", "population": 77438},
    {"name": "Béziers", "slug": "beziers", "department": "34", "region": "Occitanie", "population": 77177},
    {"name": "La Rochelle", "slug": "la-rochelle", "department": "17", "region": "Nouvelle-Aquitaine", "population": 77119},
    {"name": "Saint-Maur-des-Fossés", "slug": "saint-maur-des-fosses", "department": "94", "region": "Île-de-France", "population": 76169},
    {"name": "Cannes", "slug": "cannes", "department": "06", "region": "Provence-Alpes-Côte d'Azur", "population": 74673},
    {"name": "Calais", "slug": "calais", "department": "62", "region": "Hauts-de-France", "population": 74978},
    {"name": "Saint-Nazaire", "slug": "saint-nazaire", "department": "44", "region": "Pays de la Loire", "population": 73481},
    {"name": "Mérignac", "slug": "merignac", "department": "33", "region": "Nouvelle-Aquitaine", "population": 73197},
    {"name": "Drancy", "slug": "drancy", "department": "93", "region": "Île-de-France", "population": 72334},
    {"name": "Colmar", "slug": "colmar", "department": "68", "region": "Grand Est", "population": 71711},
    {"name": "Ajaccio", "slug": "ajaccio", "department": "2A", "region": "Corse", "population": 71361},
    {"name": "Bourges", "slug": "bourges", "department": "18", "region": "Centre-Val de Loire", "population": 68988},
    {"name": "Issy-les-Moulineaux", "slug": "issy-les-moulineaux", "department": "92", "region": "Île-de-France", "population": 68451},
    {"name": "Levallois-Perret", "slug": "levallois-perret", "department": "92", "region": "Île-de-France", "population": 66082},
    {"name": "La Seyne-sur-Mer", "slug": "la-seyne-sur-mer", "department": "83", "region": "Provence-Alpes-Côte d'Azur", "population": 65341},
    {"name": "Quimper", "slug": "quimper", "department": "29", "region": "Bretagne", "population": 64902},
    {"name": "Noisy-le-Grand", "slug": "noisy-le-grand", "department": "93", "region": "Île-de-France", "population": 64773},
    {"name": "Villeneuve-d'Ascq", "slug": "villeneuve-d-ascq", "department": "59", "region": "Hauts-de-France", "population": 64617},
    {"name": "Valence", "slug": "valence", "department": "26", "region": "Auvergne-Rhône-Alpes", "population": 64484},
    {"name": "Neuilly-sur-Seine", "slug": "neuilly-sur-seine", "department": "92", "region": "Île-de-France", "population": 64387},
    {"name": "Antony", "slug": "antony", "department": "92", "region": "Île-de-France", "population": 63878},
    {"name": "Cergy", "slug": "cergy", "department": "95", "region": "Île-de-France", "population": 63857},
    {"name": "Vénissieux", "slug": "venissieux", "department": "69", "region": "Auvergne-Rhône-Alpes", "population": 63848},
    {"name": "Pessac", "slug": "pessac", "department": "33", "region": "Nouvelle-Aquitaine", "population": 63661},
    {"name": "Troyes", "slug": "troyes", "department": "10", "region": "Grand Est", "population": 63407},
    {"name": "Clichy", "slug": "clichy", "department": "92", "region": "Île-de-France", "population": 63284},
    {"name": "Ivry-sur-Seine", "slug": "ivry-sur-seine", "department": "94", "region": "Île-de-France", "population": 63132},
    {"name": "Chambéry", "slug": "chambery", "department": "73", "region": "Auvergne-Rhône-Alpes", "population": 62089},
    {"name": "Lorient", "slug": "lorient", "department": "56", "region": "Bretagne", "population": 61846},
    {"name": "Les Abymes", "slug": "les-abymes", "department": "971", "region": "Guadeloupe", "population": 61763},
    {"name": "Montauban", "slug": "montauban", "department": "82", "region": "Occitanie", "population": 61514},
    {"name": "Sarcelles", "slug": "sarcelles", "department": "95", "region": "Île-de-France", "population": 60128},
    {"name": "Niort", "slug": "niort", "department": "79", "region": "Nouvelle-Aquitaine", "population": 59928},
    {"name": "Villejuif", "slug": "villejuif", "department": "94", "region": "Île-de-France", "population": 59683},
    {"name": "Saint-André", "slug": "saint-andre-reunion", "department": "974", "region": "La Réunion", "population": 59574},
    {"name": "Hyères", "slug": "hyeres", "department": "83", "region": "Provence-Alpes-Côte d'Azur", "population": 59380},
    {"name": "Saint-Quentin", "slug": "saint-quentin", "department": "02", "region": "Hauts-de-France", "population": 58827},
    {"name": "Épinay-sur-Seine", "slug": "epinay-sur-seine", "department": "93", "region": "Île-de-France", "population": 58637},
    {"name": "Beauvais", "slug": "beauvais", "department": "60", "region": "Hauts-de-France", "population": 57574},
    {"name": "Maisons-Alfort", "slug": "maisons-alfort", "department": "94", "region": "Île-de-France", "population": 57103},
    {"name": "Cholet", "slug": "cholet", "department": "49", "region": "Pays de la Loire", "population": 56813},
    {"name": "Meaux", "slug": "meaux", "department": "77", "region": "Île-de-France", "population": 56289},
    {"name": "Chelles", "slug": "chelles", "department": "77", "region": "Île-de-France", "population": 55606},
    {"name": "Pantin", "slug": "pantin", "department": "93", "region": "Île-de-France", "population": 55408},
    {"name": "Évry-Courcouronnes", "slug": "evry-courcouronnes", "department": "91", "region": "Île-de-France", "population": 55269},
    {"name": "Fontenay-sous-Bois", "slug": "fontenay-sous-bois", "department": "94", "region": "Île-de-France", "population": 54506},
    {"name": "Fréjus", "slug": "frejus", "department": "83", "region": "Provence-Alpes-Côte d'Azur", "population": 54458},
    {"name": "Vannes", "slug": "vannes", "department": "56", "region": "Bretagne", "population": 53719},
    {"name": "Bondy", "slug": "bondy", "department": "93", "region": "Île-de-France", "population": 53597},
    {"name": "Le Blanc-Mesnil", "slug": "le-blanc-mesnil", "department": "93", "region": "Île-de-France", "population": 53388},
    {"name": "Arles", "slug": "arles", "department": "13", "region": "Provence-Alpes-Côte d'Azur", "population": 53196},
    {"name": "Clamart", "slug": "clamart", "department": "92", "region": "Île-de-France", "population": 53018},
    {"name": "Sartrouville", "slug": "sartrouville", "department": "78", "region": "Île-de-France", "population": 52758},
    {"name": "Bobigny", "slug": "bobigny", "department": "93", "region": "Île-de-France", "population": 52681},
    {"name": "Grasse", "slug": "grasse", "department": "06", "region": "Provence-Alpes-Côte d'Azur", "population": 52677},
    {"name": "Sevran", "slug": "sevran", "department": "93", "region": "Île-de-France", "population": 52621},
    {"name": "Laval", "slug": "laval", "department": "53", "region": "Pays de la Loire", "population": 52441},
    {"name": "Bayonne", "slug": "bayonne", "department": "64", "region": "Nouvelle-Aquitaine", "population": 52359},
    {"name": "Belfort", "slug": "belfort", "department": "90", "region": "Bourgogne-Franche-Comté", "population": 52058},
    {"name": "Corbeil-Essonnes", "slug": "corbeil-essonnes", "department": "91", "region": "Île-de-France", "population": 51825},
    {"name": "Albi", "slug": "albi", "department": "81", "region": "Occitanie", "population": 51269},
    {"name": "Vincennes", "slug": "vincennes", "department": "94", "region": "Île-de-France", "population": 51215},
    {"name": "Martigues", "slug": "martigues", "department": "13", "region": "Provence-Alpes-Côte d'Azur", "population": 50689},
    {"name": "Cagnes-sur-Mer", "slug": "cagnes-sur-mer", "department": "06", "region": "Provence-Alpes-Côte d'Azur", "population": 50578},
    {"name": "Saint-Ouen-sur-Seine", "slug": "saint-ouen-sur-seine", "department": "93", "region": "Île-de-France", "population": 50373},
    {"name": "Montrouge", "slug": "montrouge", "department": "92", "region": "Île-de-France", "population": 50109},
    {"name": "Suresnes", "slug": "suresnes", "department": "92", "region": "Île-de-France", "population": 49495},
    {"name": "Massy", "slug": "massy", "department": "91", "region": "Île-de-France", "population": 49317},
    {"name": "Saint-Herblain", "slug": "saint-herblain", "department": "44", "region": "Pays de la Loire", "population": 49138},
    {"name": "Blois", "slug": "blois", "department": "41", "region": "Centre-Val de Loire", "population": 48821},
    {"name": "Gennevilliers", "slug": "gennevilliers", "department": "92", "region": "Île-de-France", "population": 48706},
    {"name": "Charleville-Mézières", "slug": "charleville-mezieres", "department": "08", "region": "Grand Est", "population": 48132},
    {"name": "Saint-Brieuc", "slug": "saint-brieuc", "department": "22", "region": "Bretagne", "population": 47827},
    {"name": "Châteauroux", "slug": "chateauroux", "department": "36", "region": "Centre-Val de Loire", "population": 47576},
    {"name": "Aubagne", "slug": "aubagne", "department": "13", "region": "Provence-Alpes-Côte d'Azur", "population": 47564},
    {"name": "Chalon-sur-Saône", "slug": "chalon-sur-saone", "department": "71", "region": "Bourgogne-Franche-Comté", "population": 47038},
    {"name": "Mantes-la-Jolie", "slug": "mantes-la-jolie", "department": "78", "region": "Île-de-France", "population": 46905},
    {"name": "Saint-Malo", "slug": "saint-malo", "department": "35", "region": "Bretagne", "population": 46803},
    {"name": "Alfortville", "slug": "alfortville", "department": "94", "region": "Île-de-France", "population": 46754},
    {"name": "Châlons-en-Champagne", "slug": "chalons-en-champagne", "department": "51", "region": "Grand Est", "population": 46521},
    {"name": "Brive-la-Gaillarde", "slug": "brive-la-gaillarde", "department": "19", "region": "Nouvelle-Aquitaine", "population": 46453},
    {"name": "Puteaux", "slug": "puteaux", "department": "92", "region": "Île-de-France", "population": 45429},
    {"name": "Salon-de-Provence", "slug": "salon-de-provence", "department": "13", "region": "Provence-Alpes-Côte d'Azur", "population": 45404},
    {"name": "Rosny-sous-Bois", "slug": "rosny-sous-bois", "department": "93", "region": "Île-de-France", "population": 45201},
    {"name": "Meudon", "slug": "meudon", "department": "92", "region": "Île-de-France", "population": 45181},
    {"name": "Choisy-le-Roi", "slug": "choisy-le-roi", "department": "94", "region": "Île-de-France", "population": 45106},
    {"name": "Saint-Louis", "slug": "saint-louis-reunion", "department": "974", "region": "La Réunion", "population": 44902},
    {"name": "Garges-lès-Gonesse", "slug": "garges-les-gonesse", "department": "95", "region": "Île-de-France", "population": 44835},
    {"name": "Livry-Gargan", "slug": "livry-gargan", "department": "93", "region": "Île-de-France", "population": 44764},
    {"name": "Istres", "slug": "istres", "department": "13", "region": "Provence-Alpes-Côte d'Azur", "population": 44503},
    {"name": "Angoulême", "slug": "angouleme", "department": "16", "region": "Nouvelle-Aquitaine", "population": 44461},
    {"name": "Bagneux", "slug": "bagneux", "department": "92", "region": "Île-de-France", "population": 44382},
    {"name": "Wattrelos", "slug": "wattrelos", "department": "59", "region": "Hauts-de-France", "population": 44313},
    {"name": "Talence", "slug": "talence", "department": "33", "region": "Nouvelle-Aquitaine", "population": 44062},
    {"name": "Castres", "slug": "castres", "department": "81", "region": "Occitanie", "population": 43973},
    {"name": "Saint-Germain-en-Laye", "slug": "saint-germain-en-laye", "department": "78", "region": "Île-de-France", "population": 43959},
    {"name": "Le Cannet", "slug": "le-cannet", "department": "06", "region": "Provence-Alpes-Côte d'Azur", "population": 43696},
    {"name": "Tarbes", "slug": "tarbes", "department": "65", "region": "Occitanie", "population": 43610},
    {"name": "Gap", "slug": "gap", "department": "05", "region": "Provence-Alpes-Côte d'Azur", "population": 43533},
    {"name": "Thonon-les-Bains", "slug": "thonon-les-bains", "department": "74", "region": "Auvergne-Rhône-Alpes", "population": 43326},
    {"name": "Noisy-le-Sec", "slug": "noisy-le-sec", "department": "93", "region": "Île-de-France", "population": 43197},
    {"name": "Arras", "slug": "arras", "department": "62", "region": "Hauts-de-France", "population": 43150},
    {"name": "Compiègne", "slug": "compiegne", "department": "60", "region": "Hauts-de-France", "population": 42955},
    {"name": "Bourg-en-Bresse", "slug": "bourg-en-bresse", "department": "01", "region": "Auvergne-Rhône-Alpes", "population": 42866},
    {"name": "Évreux", "slug": "evreux", "department": "27", "region": "Normandie", "population": 42703},
    {"name": "La Ciotat", "slug": "la-ciotat", "department": "13", "region": "Provence-Alpes-Côte d'Azur", "population": 42662},
    {"name": "Melun", "slug": "melun", "department": "77", "region": "Île-de-France", "population": 42623},
    {"name": "Chartres", "slug": "chartres", "department": "28", "region": "Centre-Val de Loire", "population": 42502},
    {"name": "Marcq-en-Barœul", "slug": "marcq-en-baroeul", "department": "59", "region": "Hauts-de-France", "population": 42397},
    {"name": "Annemasse", "slug": "annemasse", "department": "74", "region": "Auvergne-Rhône-Alpes", "population": 42345},
    {"name": "Carcassonne", "slug": "carcassonne", "department": "11", "region": "Occitanie", "population": 42217},
    {"name": "Saint-Priest", "slug": "saint-priest", "department": "69", "region": "Auvergne-Rhône-Alpes", "population": 42149},
    {"name": "Rezé", "slug": "reze", "department": "44", "region": "Pays de la Loire", "population": 41849},
    {"name": "Draguignan", "slug": "draguignan", "department": "83", "region": "Provence-Alpes-Côte d'Azur", "population": 41809},
    {"name": "Gagny", "slug": "gagny", "department": "93", "region": "Île-de-France", "population": 41799},
    {"name": "Stains", "slug": "stains", "department": "93", "region": "Île-de-France", "population": 41707},
    {"name": "Villepinte", "slug": "villepinte", "department": "93", "region": "Île-de-France", "population": 41502},
    {"name": "Chatou", "slug": "chatou", "department": "78", "region": "Île-de-France", "population": 41472},
    {"name": "Saint-Martin-d'Hères", "slug": "saint-martin-d-heres", "department": "38", "region": "Auvergne-Rhône-Alpes", "population": 41361},
    {"name": "Vaulx-en-Velin", "slug": "vaulx-en-velin", "department": "69", "region": "Auvergne-Rhône-Alpes", "population": 41299},
    {"name": "Six-Fours-les-Plages", "slug": "six-fours-les-plages", "department": "83", "region": "Provence-Alpes-Côte d'Azur", "population": 41203},
    {"name": "Anglet", "slug": "anglet", "department": "64", "region": "Nouvelle-Aquitaine", "population": 41163},
    {"name": "Savigny-sur-Orge", "slug": "savigny-sur-orge", "department": "91", "region": "Île-de-France", "population": 41019},
    {"name": "Le Port", "slug": "le-port-reunion", "department": "974", "region": "La Réunion", "population": 40992},
    {"name": "Lens", "slug": "lens", "department": "62", "region": "Hauts-de-France", "population": 40921},
    {"name": "Saint-Raphaël", "slug": "saint-raphael", "department": "83", "region": "Provence-Alpes-Côte d'Azur", "population": 40813},
    {"name": "Châtillon", "slug": "chatillon", "department": "92", "region": "Île-de-France", "population": 40746},
    {"name": "Franconville", "slug": "franconville", "department": "95", "region": "Île-de-France", "population": 40556},
    {"name": "Pontault-Combault", "slug": "pontault-combault", "department": "77", "region": "Île-de-France", "population": 40500},
    {"name": "Échirolles", "slug": "echirolles", "department": "38", "region": "Auvergne-Rhône-Alpes", "population": 40443},
    {"name": "Le Perreux-sur-Marne", "slug": "le-perreux-sur-marne", "department": "94", "region": "Île-de-France", "population": 40236},
    {"name": "Poissy", "slug": "poissy", "department": "78", "region": "Île-de-France", "population": 40209},
    {"name": "Sainte-Geneviève-des-Bois", "slug": "sainte-genevieve-des-bois", "department": "91", "region": "Île-de-France", "population": 40078},
    {"name": "Villefranche-sur-Saône", "slug": "villefranche-sur-saone", "department": "69", "region": "Auvergne-Rhône-Alpes", "population": 40003},
    {"name": "Conflans-Sainte-Honorine", "slug": "conflans-sainte-honorine", "department": "78", "region": "Île-de-France", "population": 39933},
    {"name": "Matoury", "slug": "matoury", "department": "973", "region": "Guyane", "population": 39895},
    {"name": "Thionville", "slug": "thionville", "department": "57", "region": "Grand Est", "population": 39867},
    {"name": "Bagnolet", "slug": "bagnolet", "department": "93", "region": "Île-de-France", "population": 39811},
    {"name": "Creil", "slug": "creil", "department": "60", "region": "Hauts-de-France", "population": 39787},
    {"name": "Roanne", "slug": "roanne", "department": "42", "region": "Auvergne-Rhône-Alpes", "population": 39754},
    {"name": "Montélimar", "slug": "montelimar", "department": "26", "region": "Auvergne-Rhône-Alpes", "population": 39726},
    {"name": "Saint-Laurent-du-Maroni", "slug": "saint-laurent-du-maroni", "department": "973", "region": "Guyane", "population": 39670},
    {"name": "Auxerre", "slug": "auxerre", "department": "89", "region": "Bourgogne-Franche-Comté", "population": 39510},
    {"name": "Villeneuve-Saint-Georges", "slug": "villeneuve-saint-georges", "department": "94", "region": "Île-de-France", "population": 39476},
    {"name": "Romans-sur-Isère", "slug": "romans-sur-isere", "department": "26", "region": "Auvergne-Rhône-Alpes", "population": 39335},
    {"name": "Nevers", "slug": "nevers", "department": "58", "region": "Bourgogne-Franche-Comté", "population": 39279},
    {"name": "Tremblay-en-France", "slug": "tremblay-en-france", "department": "93", "region": "Île-de-France", "population": 38852},
    {"name": "Vitrolles", "slug": "vitrolles", "department": "13", "region": "Provence-Alpes-Côte d'Azur", "population": 38771},
    {"name": "Neuilly-sur-Marne", "slug": "neuilly-sur-marne", "department": "93", "region": "Île-de-France", "population": 38544},
    {"name": "Les Mureaux", "slug": "les-mureaux", "department": "78", "region": "Île-de-France", "population": 38369},
    {"name": "Agen", "slug": "agen", "department": "47", "region": "Nouvelle-Aquitaine", "population": 38356},
    {"name": "Bastia", "slug": "bastia", "department": "2B", "region": "Corse", "population": 38190},
    {"name": "La Garde", "slug": "la-garde", "department": "83", "region": "Provence-Alpes-Côte d'Azur", "population": 37833},
    {"name": "Sainte-Marie", "slug": "sainte-marie-reunion", "department": "974", "region": "La Réunion", "population": 37701},
    {"name": "Montigny-le-Bretonneux", "slug": "montigny-le-bretonneux", "department": "78", "region": "Île-de-France", "population": 37672},
    {"name": "Bron", "slug": "bron", "department": "69", "region": "Auvergne-Rhône-Alpes", "population": 37629},
    {"name": "La Courneuve", "slug": "la-courneuve", "department": "93", "region": "Île-de-France", "population": 37551},
    {"name": "Saint-Benoît", "slug": "saint-benoit-reunion", "department": "974", "region": "La Réunion", "population": 37515},
    {"name": "Mâcon", "slug": "macon", "department": "71", "region": "Bourgogne-Franche-Comté", "population": 37481},
    {"name": "Douai", "slug": "douai", "department": "59", "region": "Hauts-de-France", "population": 37385},
    {"name": "Cambrai", "slug": "cambrai", "department": "59", "region": "Hauts-de-France", "population": 37000},
    {"name": "Houilles", "slug": "houilles", "department": "78", "region": "Île-de-France", "population": 36843},
    {"name": "Montluçon", "slug": "montlucon", "department": "03", "region": "Auvergne-Rhône-Alpes", "population": 36805},
    {"name": "Carpentras", "slug": "carpentras", "department": "84", "region": "Provence-Alpes-Côte d'Azur", "population": 36642},
    {"name": "Orange", "slug": "orange", "department": "84", "region": "Provence-Alpes-Côte d'Azur", "population": 36598},
    {"name": "Rillieux-la-Pape", "slug": "rillieux-la-pape", "department": "69", "region": "Auvergne-Rhône-Alpes", "population": 36494},
    {"name": "Épinal", "slug": "epinal", "department": "88", "region": "Grand Est", "population": 36466},
    {"name": "Palaiseau", "slug": "palaiseau", "department": "91", "region": "Île-de-France", "population": 36458},
    {"name": "Saint-Chamond", "slug": "saint-chamond", "department": "42", "region": "Auvergne-Rhône-Alpes", "population": 36442},
    {"name": "Caluire-et-Cuire", "slug": "caluire-et-cuire", "department": "69", "region": "Auvergne-Rhône-Alpes", "population": 36280},
    {"name": "Cayenne", "slug": "cayenne", "department": "973", "region": "Guyane", "population": 36265},
    {"name": "Athis-Mons", "slug": "athis-mons", "department": "91", "region": "Île-de-France", "population": 36051},
    {"name": "Sète", "slug": "sete", "department": "34", "region": "Occitanie", "population": 35967},
    {"name": "Saint-Joseph", "slug": "saint-joseph-reunion", "department": "974", "region": "La Réunion", "population": 35879},
    {"name": "Savigny-le-Temple", "slug": "savigny-le-temple", "department": "77", "region": "Île-de-France", "population": 35874},
    {"name": "Sotteville-lès-Rouen", "slug": "sotteville-les-rouen", "department": "76", "region": "Normandie", "population": 35873},
    {"name": "Saint-Leu", "slug": "saint-leu-reunion", "department": "974", "region": "La Réunion", "population": 35837},
    {"name": "Soissons", "slug": "soissons", "department": "02", "region": "Hauts-de-France", "population": 35817},
    {"name": "Saint-Médard-en-Jalles", "slug": "saint-medard-en-jalles", "department": "33", "region": "Nouvelle-Aquitaine", "population": 35700},
    {"name": "Schiltigheim", "slug": "schiltigheim", "department": "67", "region": "Grand Est", "population": 35553}
  ]
}

